USE [E-Commerce-Glasses]
GO
SET IDENTITY_INSERT [dbo].[Account] ON 

INSERT [dbo].[Account] ([IdAccount], [Username], [Password]) VALUES (7, N'Admin', N'e64b78fc3bc91bcbc7dc232ba8ec59e0')
INSERT [dbo].[Account] ([IdAccount], [Username], [Password]) VALUES (8, N'Haianhtm112', N'25f9e794323b453885f5181f1b624d0b')
SET IDENTITY_INSERT [dbo].[Account] OFF
GO
SET IDENTITY_INSERT [dbo].[Consumer] ON 

INSERT [dbo].[Consumer] ([IdConsumer], [IdAccount], [Username], [Address], [DateOfBirth], [NumberPhone], [Image], [ListCart]) VALUES (1, 8, N'Hải Anh', N'  ', NULL, N'1321123', N'\Assets\images\images_Consumer\gk1245847368.jpeg', N'{"2":1}')
SET IDENTITY_INSERT [dbo].[Consumer] OFF
GO
SET IDENTITY_INSERT [dbo].[Manager] ON 

INSERT [dbo].[Manager] ([IdManager], [IdAccount], [Username], [Position], [PhoneNumber], [Address], [Image], [DateOfBirth]) VALUES (1, 7, N'Admin', N'Manager', N'068686868', N'Viet Nam', NULL, CAST(N'2000-01-01T00:00:00.000' AS DateTime))
SET IDENTITY_INSERT [dbo].[Manager] OFF
GO
SET IDENTITY_INSERT [dbo].[StatusDiscount] ON 

INSERT [dbo].[StatusDiscount] ([IdStatus], [Status]) VALUES (1, N'Hết hạn')
INSERT [dbo].[StatusDiscount] ([IdStatus], [Status]) VALUES (2, N'Hoạt động')
INSERT [dbo].[StatusDiscount] ([IdStatus], [Status]) VALUES (3, N'Không hoạt động')
SET IDENTITY_INSERT [dbo].[StatusDiscount] OFF
GO
SET IDENTITY_INSERT [dbo].[StatusDelivery] ON 

INSERT [dbo].[StatusDelivery] ([IdStatus], [Status]) VALUES (1, N'Đã giao hàng')
INSERT [dbo].[StatusDelivery] ([IdStatus], [Status]) VALUES (2, N'Đang giao hàng')
INSERT [dbo].[StatusDelivery] ([IdStatus], [Status]) VALUES (3, N'Chưa giao hàng')
SET IDENTITY_INSERT [dbo].[StatusDelivery] OFF
GO
SET IDENTITY_INSERT [dbo].[TypeProduct] ON 

INSERT [dbo].[TypeProduct] ([IdTypeProduct], [TypeProductName]) VALUES (1, N'Kính Râm')
INSERT [dbo].[TypeProduct] ([IdTypeProduct], [TypeProductName]) VALUES (2, N'Gọng Kính')
INSERT [dbo].[TypeProduct] ([IdTypeProduct], [TypeProductName]) VALUES (3, N'Tròng Kính')
SET IDENTITY_INSERT [dbo].[TypeProduct] OFF
GO
SET IDENTITY_INSERT [dbo].[TypeProductSale] ON 

INSERT [dbo].[TypeProductSale] ([IdTypeSale], [StatusProduct]) VALUES (1, N'Bán hàng')
INSERT [dbo].[TypeProductSale] ([IdTypeSale], [StatusProduct]) VALUES (2, N'Không bán')
SET IDENTITY_INSERT [dbo].[TypeProductSale] OFF
GO
SET IDENTITY_INSERT [dbo].[Product] ON 

INSERT [dbo].[Product] ([IdProduct], [IdTypeProduct], [NameProduct], [Price], [Description], [Image], [Discount], [Quantity], [IdTypeSale]) VALUES (1, 1, N'KR. KÍNH RÂM THỜI TRANG AN22P9217 (51.23.149)', 560000, N'KR. KÍNH RÂM THỜI TRANG AN22P9217', N'\Assets\images\images_Product\kr1242917066.jpeg', 5, 20, 1)
INSERT [dbo].[Product] ([IdProduct], [IdTypeProduct], [NameProduct], [Price], [Description], [Image], [Discount], [Quantity], [IdTypeSale]) VALUES (2, 1, N'KR. KÍNH RÂM VUÔNG AN22P9215 (47.23.155)', 500000, N'KR. KÍNH RÂM VUÔNG AN22P9215 (47.23.155)', N'\Assets\images\images_Product\kr2242953269.jpeg', 5, 31, 1)
INSERT [dbo].[Product] ([IdProduct], [IdTypeProduct], [NameProduct], [Price], [Description], [Image], [Discount], [Quantity], [IdTypeSale]) VALUES (3, 1, N'KR. KÍNH RÂM CỐT AN22P9205 (49.25.146)', 430000, N'KR. KÍNH RÂM CỐT AN22P9205 (49.25.146)', N'\Assets\images\images_Product\kr3243042598.jpeg', 10, 12, 1)
INSERT [dbo].[Product] ([IdProduct], [IdTypeProduct], [NameProduct], [Price], [Description], [Image], [Discount], [Quantity], [IdTypeSale]) VALUES (4, 1, N'KR. KÍNH RÂM VUÔNG AN22LY2333 (52.20.144)', 700000, N'KR. KÍNH RÂM VUÔNG AN22LY2333 (52.20.144)', N'\Assets\images\images_Product\kr4243127919.jpeg', 20, 45, 1)
INSERT [dbo].[Product] ([IdProduct], [IdTypeProduct], [NameProduct], [Price], [Description], [Image], [Discount], [Quantity], [IdTypeSale]) VALUES (5, 1, N'KR. KÍNH RÂM THỜI TRANG AN22LY2331 (51.21.149)', 1400000, N'KR. KÍNH RÂM THỜI TRANG AN22LY2331 (51.21.149)', N'\Assets\images\images_Product\kr5243213619.jpeg', 10, 21, 1)
INSERT [dbo].[Product] ([IdProduct], [IdTypeProduct], [NameProduct], [Price], [Description], [Image], [Discount], [Quantity], [IdTypeSale]) VALUES (6, 2, N'GK. GỌNG CTY 8304 (50.20.141)', 225000, N'Gọng kính cốt CTY là sản phẩm chất lượng cao, giúp bạn tạo nên phong cách thời trang độc đáo và thu hút mọi ánh nhìn. Chất liệu cốt vững chắc, bền bỉ với thời gian sử dụng. Thiết kế tinh tế và hiện đại giúp bạn tự tin hơn trong mọi hoàn cảnh. Sản phẩm phù hợp cho các bộ sưu tập kính của bạn. Ngoài ra, gọng kính này có nhiều kiểu dáng khác nhau để lựa chọn. Hãy truy cập vào website của chúng tôi để khám phá các sản phẩm khác nhau trong danh mục này.', N'\Assets\images\images_Product\gk1243556989.jpeg', 20, 50, 1)
INSERT [dbo].[Product] ([IdProduct], [IdTypeProduct], [NameProduct], [Price], [Description], [Image], [Discount], [Quantity], [IdTypeSale]) VALUES (7, 2, N'GK. GỌNG CTY 2053 (51.22.146)', 300000, N'Gọng kính cốt CTY là sản phẩm chất lượng cao, giúp bạn tạo nên phong cách thời trang độc đáo và thu hút mọi ánh nhìn. Chất liệu cốt vững chắc, bền bỉ với thời gian sử dụng. Thiết kế tinh tế và hiện đại giúp bạn tự tin hơn trong mọi hoàn cảnh.', N'\Assets\images\images_Product\gk2243640190.jpeg', 10, 21, 1)
INSERT [dbo].[Product] ([IdProduct], [IdTypeProduct], [NameProduct], [Price], [Description], [Image], [Discount], [Quantity], [IdTypeSale]) VALUES (8, 2, N'GK. GỌNG CTY 1231 (50.21.150)', 200000, N'Gọng kính cốt CTY là sản phẩm chất lượng cao, giúp bạn tạo nên phong cách thời trang độc đáo và thu hút mọi ánh nhìn. Chất liệu cốt vững chắc, bền bỉ với thời gian sử dụng. Thiết kế tinh tế và hiện đại giúp bạn tự tin hơn trong mọi hoàn cảnh.', N'\Assets\images\images_Product\gk3243750433.jpeg', 5, 10, 1)
INSERT [dbo].[Product] ([IdProduct], [IdTypeProduct], [NameProduct], [Price], [Description], [Image], [Discount], [Quantity], [IdTypeSale]) VALUES (9, 2, N'GK. GỌNG CỐT YS9267 (48.21.151)', 500000, N'Gọng kính cốt CTY là sản phẩm chất lượng cao, giúp bạn tạo nên phong cách thời trang độc đáo và thu hút mọi ánh nhìn. Chất liệu cốt vững chắc, bền bỉ với thời gian sử dụng. Thiết kế tinh tế và hiện đại giúp bạn tự tin hơn trong mọi hoàn cảnh.', N'\Assets\images\images_Product\gk4243830035.jpeg', 10, 10, 1)
INSERT [dbo].[Product] ([IdProduct], [IdTypeProduct], [NameProduct], [Price], [Description], [Image], [Discount], [Quantity], [IdTypeSale]) VALUES (10, 2, N'GK. GỌNG CỐT TITAN S20213 (51.18.146)', 350000, N'Gọng kính cốt TITAN là một sản phẩm chất lượng với thiết kế hiện đại và đầy phong cách. Chất liệu TITAN: Với vật liệu được làm từ hợp kim titan, gọng kính rất nhẹ và bền bỉ. Thiết kế cốt: Gọng được thiết kế cốt, giúp cho việc thay đổi tròng khá dễ dàng và thuận tiện cho người sử dụng.', N'\Assets\images\images_Product\gk5243907952.jpeg', 10, 10, 1)
INSERT [dbo].[Product] ([IdProduct], [IdTypeProduct], [NameProduct], [Price], [Description], [Image], [Discount], [Quantity], [IdTypeSale]) VALUES (11, 2, N'GK. GỌNG CỐT KIM LOẠI LY2323 (51.20.149)', 450000, N'Gọng kính cốt kim loại cao cấp là sự kết hợp hoàn hảo giữa kiểu dáng hiện đại và chất liệu đẳng cấp. Với chất liệu kim loại bền bỉ và nhẹ nhàng, sản phẩm sẽ giúp bạn tự tin diện trong mọi hoàn cảnh. Bền vững: Với chất liệu kim loại cao cấp, sản phẩm luôn đảm bảo tính bền vững, không gãy vỡ hay trầy xước dễ dàng. Nhẹ nhàng: Thiết kế gọn nhẹ của sản phẩm giúp bạn không có cảm giác khó chịu khi mang lâu.', N'\Assets\images\images_Product\gk6243956838.jpeg', 5, 21, 1)
INSERT [dbo].[Product] ([IdProduct], [IdTypeProduct], [NameProduct], [Price], [Description], [Image], [Discount], [Quantity], [IdTypeSale]) VALUES (12, 2, N'GK. GỌNG CỐT KIM LOẠI LY2316 (49.20.147)', 500000, N'Gọng kính cốt kim loại cao cấp là sự kết hợp hoàn hảo giữa kiểu dáng hiện đại và chất liệu đẳng cấp. Với chất liệu kim loại bền bỉ và nhẹ nhàng, sản phẩm sẽ giúp bạn tự tin diện trong mọi hoàn cảnh. Bền vững: Với chất liệu kim loại cao cấp, sản phẩm luôn đảm bảo tính bền vững, không gãy vỡ hay trầy xước dễ dàng. Nhẹ nhàng: Thiết kế gọn nhẹ của sản phẩm giúp bạn không có cảm giác khó chịu khi mang lâu.', N'\Assets\images\images_Product\gk7244042587.jpeg', 5, 2, 1)
INSERT [dbo].[Product] ([IdProduct], [IdTypeProduct], [NameProduct], [Price], [Description], [Image], [Discount], [Quantity], [IdTypeSale]) VALUES (13, 2, N'GK. GỌNG CỐT KIM LOẠI LY2262 (47.20.147)', 350000, N'Gọng kính cốt kim loại cao cấp là sự kết hợp hoàn hảo giữa kiểu dáng hiện đại và chất liệu đẳng cấp. Với chất liệu kim loại bền bỉ và nhẹ nhàng, sản phẩm sẽ giúp bạn tự tin diện trong mọi hoàn cảnh. Bền vững: Với chất liệu kim loại cao cấp, sản phẩm luôn đảm bảo tính bền vững, không gãy vỡ hay trầy xước dễ dàng. Nhẹ nhàng: Thiết kế gọn nhẹ của sản phẩm giúp bạn không có cảm giác khó chịu khi mang lâu.', N'\Assets\images\images_Product\gk8244118420.jpeg', 10, 10, 1)
INSERT [dbo].[Product] ([IdProduct], [IdTypeProduct], [NameProduct], [Price], [Description], [Image], [Discount], [Quantity], [IdTypeSale]) VALUES (14, 2, N'GK. GỌNG CỐT KIM LOẠI K9217 (51.23.149)', 550000, N'Gọng kính cốt kim loại cao cấp là sự kết hợp hoàn hảo giữa kiểu dáng hiện đại và chất liệu đẳng cấp. Với chất liệu kim loại bền bỉ và nhẹ nhàng, sản phẩm sẽ giúp bạn tự tin diện trong mọi hoàn cảnh. Bền vững: Với chất liệu kim loại cao cấp, sản phẩm luôn đảm bảo tính bền vững, không gãy vỡ hay trầy xước dễ dàng. Nhẹ nhàng: Thiết kế gọn nhẹ của sản phẩm giúp bạn không có cảm giác khó chịu khi mang lâu.', N'\Assets\images\images_Product\gk9244153898.jpeg', 10, 21, 1)
INSERT [dbo].[Product] ([IdProduct], [IdTypeProduct], [NameProduct], [Price], [Description], [Image], [Discount], [Quantity], [IdTypeSale]) VALUES (15, 2, N'GK. GỌNG CỐT KIM LOẠI B-749 (47.24.149)', 550000, N'Gọng kính cốt kim loại cao cấp là sự kết hợp hoàn hảo giữa kiểu dáng hiện đại và chất liệu đẳng cấp. Với chất liệu kim loại bền bỉ và nhẹ nhàng, sản phẩm sẽ giúp bạn tự tin diện trong mọi hoàn cảnh. Bền vững: Với chất liệu kim loại cao cấp, sản phẩm luôn đảm bảo tính bền vững, không gãy vỡ hay trầy xước dễ dàng. Nhẹ nhàng: Thiết kế gọn nhẹ của sản phẩm giúp bạn không có cảm giác khó chịu khi mang lâu.', N'\Assets\images\images_Product\gk10244235341.jpeg', 10, 30, 1)
INSERT [dbo].[Product] ([IdProduct], [IdTypeProduct], [NameProduct], [Price], [Description], [Image], [Discount], [Quantity], [IdTypeSale]) VALUES (16, 2, N'GK. GỌNG CỐT KIM LOẠI AN336842 (50.25.148)', 430000, N'Gọng kính cốt kim loại cao cấp là sự kết hợp hoàn hảo giữa kiểu dáng hiện đại và chất liệu đẳng cấp. Với chất liệu kim loại bền bỉ và nhẹ nhàng, sản phẩm sẽ giúp bạn tự tin diện trong mọi hoàn cảnh. Bền vững: Với chất liệu kim loại cao cấp, sản phẩm luôn đảm bảo tính bền vững, không gãy vỡ hay trầy xước dễ dàng. Nhẹ nhàng: Thiết kế gọn nhẹ của sản phẩm giúp bạn không có cảm giác khó chịu khi mang lâu.', N'\Assets\images\images_Product\gk11244312473.jpeg', 10, 10, 1)
INSERT [dbo].[Product] ([IdProduct], [IdTypeProduct], [NameProduct], [Price], [Description], [Image], [Discount], [Quantity], [IdTypeSale]) VALUES (17, 2, N'GK. GỌNG KÍNH VIỀN KIM LOẠI ANKL014 (53.18.143)', 350000, N'Gọng kính cốt kim loại cao cấp là sự kết hợp hoàn hảo giữa kiểu dáng hiện đại và chất liệu đẳng cấp. Với chất liệu kim loại bền bỉ và nhẹ nhàng, sản phẩm sẽ giúp bạn tự tin diện trong mọi hoàn cảnh. Bền vững: Với chất liệu kim loại cao cấp, sản phẩm luôn đảm bảo tính bền vững, không gãy vỡ hay trầy xước dễ dàng. Nhẹ nhàng: Thiết kế gọn nhẹ của sản phẩm giúp bạn không có cảm giác khó chịu khi mang lâu.', N'\Assets\images\images_Product\gk12244341023.jpeg', 5, 20, 1)
INSERT [dbo].[Product] ([IdProduct], [IdTypeProduct], [NameProduct], [Price], [Description], [Image], [Discount], [Quantity], [IdTypeSale]) VALUES (18, 2, N'GK. GỌNG KIM LOẠI 5033 (51.18.130)', 220000, N'Gọng kính kim loại là sự lựa chọn lý tưởng cho những ai yêu thích phong cách thời trang hiện đại với vẻ ngoài sang trọng và đẳng cấp.   Chất liệu kim loại bền bỉ và chắc chắn, giúp tăng độ bền của sản phẩm. Gọng kính có thiết kế khung viền mỏng nhẹ, giúp mang lại sự thoải mái khi sử dụng trong thời gian dài.', N'\Assets\images\images_Product\gk13244812048.jpeg', 5, 50, 1)
INSERT [dbo].[Product] ([IdProduct], [IdTypeProduct], [NameProduct], [Price], [Description], [Image], [Discount], [Quantity], [IdTypeSale]) VALUES (19, 2, N'GK. GỌNG KIM LOẠI 300009 (51.18.130)', 220000, N'Gọng kính kim loại là sự lựa chọn lý tưởng cho những ai yêu thích phong cách thời trang hiện đại với vẻ ngoài sang trọng và đẳng cấp.   Chất liệu kim loại bền bỉ và chắc chắn, giúp tăng độ bền của sản phẩm. Gọng kính có thiết kế khung viền mỏng nhẹ, giúp mang lại sự thoải mái khi sử dụng trong thời gian dài.', N'\Assets\images\images_Product\gk14245001915.jpeg', 10, 10, 1)
INSERT [dbo].[Product] ([IdProduct], [IdTypeProduct], [NameProduct], [Price], [Description], [Image], [Discount], [Quantity], [IdTypeSale]) VALUES (20, 2, N'GK. GỌNG KIM LOẠI 456 (54.17.145)', 320000, N'Gọng kính kim loại là sự lựa chọn lý tưởng cho những ai yêu thích phong cách thời trang hiện đại với vẻ ngoài sang trọng và đẳng cấp.   Chất liệu kim loại bền bỉ và chắc chắn, giúp tăng độ bền của sản phẩm. Gọng kính có thiết kế khung viền mỏng nhẹ, giúp mang lại sự thoải mái khi sử dụng trong thời gian dài.', N'\Assets\images\images_Product\gk15245046693.jpeg', 10, 10, 1)
INSERT [dbo].[Product] ([IdProduct], [IdTypeProduct], [NameProduct], [Price], [Description], [Image], [Discount], [Quantity], [IdTypeSale]) VALUES (21, 2, N'GK. GỌNG KIM LOẠI 356787 (54.17.145)', 340000, N'Gọng kính kim loại là sự lựa chọn lý tưởng cho những ai yêu thích phong cách thời trang hiện đại với vẻ ngoài sang trọng và đẳng cấp.   Chất liệu kim loại bền bỉ và chắc chắn, giúp tăng độ bền của sản phẩm. Gọng kính có thiết kế khung viền mỏng nhẹ, giúp mang lại sự thoải mái khi sử dụng trong thời gian dài.', N'\Assets\images\images_Product\gk16245125135.jpeg', 5, 10, 1)
INSERT [dbo].[Product] ([IdProduct], [IdTypeProduct], [NameProduct], [Price], [Description], [Image], [Discount], [Quantity], [IdTypeSale]) VALUES (22, 2, N'GK. GỌNG KIM LOẠI 9007 (54.17.145)', 220000, N'Gọng kính kim loại là sự lựa chọn lý tưởng cho những ai yêu thích phong cách thời trang hiện đại với vẻ ngoài sang trọng và đẳng cấp.   Chất liệu kim loại bền bỉ và chắc chắn, giúp tăng độ bền của sản phẩm. Gọng kính có thiết kế khung viền mỏng nhẹ, giúp mang lại sự thoải mái khi sử dụng trong thời gian dài.', N'\Assets\images\images_Product\gk17245156534.jpeg', 5, 2, 1)
INSERT [dbo].[Product] ([IdProduct], [IdTypeProduct], [NameProduct], [Price], [Description], [Image], [Discount], [Quantity], [IdTypeSale]) VALUES (23, 2, N'GK. GỌNG KIM LOẠI 982347 (54.17.145)', 320000, N'Gọng kính kim loại là sự lựa chọn lý tưởng cho những ai yêu thích phong cách thời trang hiện đại với vẻ ngoài sang trọng và đẳng cấp.   Chất liệu kim loại bền bỉ và chắc chắn, giúp tăng độ bền của sản phẩm. Gọng kính có thiết kế khung viền mỏng nhẹ, giúp mang lại sự thoải mái khi sử dụng trong thời gian dài.', N'\Assets\images\images_Product\gk17245237414.jpeg', 10, 10, 1)
INSERT [dbo].[Product] ([IdProduct], [IdTypeProduct], [NameProduct], [Price], [Description], [Image], [Discount], [Quantity], [IdTypeSale]) VALUES (24, 2, N'GK. GỌNG KIM LOẠI 30009 (54.17.145)', 420000, N'Gọng kính kim loại là sự lựa chọn lý tưởng cho những ai yêu thích phong cách thời trang hiện đại với vẻ ngoài sang trọng và đẳng cấp.   Chất liệu kim loại bền bỉ và chắc chắn, giúp tăng độ bền của sản phẩm. Gọng kính có thiết kế khung viền mỏng nhẹ, giúp mang lại sự thoải mái khi sử dụng trong thời gian dài.', N'\Assets\images\images_Product\gk18245305086.jpeg', 20, 20, 1)
INSERT [dbo].[Product] ([IdProduct], [IdTypeProduct], [NameProduct], [Price], [Description], [Image], [Discount], [Quantity], [IdTypeSale]) VALUES (25, 1, N'GK. GỌNG KIM LOẠI 00445(54.17.145)', 210000, N'Gọng kính kim loại là sự lựa chọn lý tưởng cho những ai yêu thích phong cách thời trang hiện đại với vẻ ngoài sang trọng và đẳng cấp.   Chất liệu kim loại bền bỉ và chắc chắn, giúp tăng độ bền của sản phẩm. Gọng kính có thiết kế khung viền mỏng nhẹ, giúp mang lại sự thoải mái khi sử dụng trong thời gian dài.', N'\Assets\images\images_Product\gk19245335289.jpeg', 5, 10, 1)
INSERT [dbo].[Product] ([IdProduct], [IdTypeProduct], [NameProduct], [Price], [Description], [Image], [Discount], [Quantity], [IdTypeSale]) VALUES (26, 2, N'GK. GỌNG KIM LOẠI 100448(54.17.145)', 200000, N'Gọng kính cốt kim loại cao cấp là sự kết hợp hoàn hảo giữa kiểu dáng hiện đại và chất liệu đẳng cấp. Với chất liệu kim loại bền bỉ và nhẹ nhàng, sản phẩm sẽ giúp bạn tự tin diện trong mọi hoàn cảnh. Bền vững: Với chất liệu kim loại cao cấp, sản phẩm luôn đảm bảo tính bền vững, không gãy vỡ hay trầy xước dễ dàng. Nhẹ nhàng: Thiết kế gọn nhẹ của sản phẩm giúp bạn không có cảm giác khó chịu khi mang lâu.', N'\Assets\images\images_Product\gk20245416701.jpeg', 5, 10, 1)
INSERT [dbo].[Product] ([IdProduct], [IdTypeProduct], [NameProduct], [Price], [Description], [Image], [Discount], [Quantity], [IdTypeSale]) VALUES (27, 2, N'GK. GỌNG KIM LOẠI 005579 (54.17.145)', 210000, N'Gọng kính kim loại là sự lựa chọn lý tưởng cho những ai yêu thích phong cách thời trang hiện đại với vẻ ngoài sang trọng và đẳng cấp.   Chất liệu kim loại bền bỉ và chắc chắn, giúp tăng độ bền của sản phẩm. Gọng kính có thiết kế khung viền mỏng nhẹ, giúp mang lại sự thoải mái khi sử dụng trong thời gian dài.', N'\Assets\images\images_Product\gk21245444448.jpeg', 5, 5, 1)
INSERT [dbo].[Product] ([IdProduct], [IdTypeProduct], [NameProduct], [Price], [Description], [Image], [Discount], [Quantity], [IdTypeSale]) VALUES (28, 2, N'GK. GỌNG KIM LOẠI 100347 (54.17.145)', 240000, N'Gọng kính cốt kim loại cao cấp là sự kết hợp hoàn hảo giữa kiểu dáng hiện đại và chất liệu đẳng cấp. Với chất liệu kim loại bền bỉ và nhẹ nhàng, sản phẩm sẽ giúp bạn tự tin diện trong mọi hoàn cảnh. Bền vững: Với chất liệu kim loại cao cấp, sản phẩm luôn đảm bảo tính bền vững, không gãy vỡ hay trầy xước dễ dàng. Nhẹ nhàng: Thiết kế gọn nhẹ của sản phẩm giúp bạn không có cảm giác khó chịu khi mang lâu.', N'\Assets\images\images_Product\gk22245512260.jpeg', 5, 5, 1)
INSERT [dbo].[Product] ([IdProduct], [IdTypeProduct], [NameProduct], [Price], [Description], [Image], [Discount], [Quantity], [IdTypeSale]) VALUES (29, 2, N'GK. GỌNG KIM LOẠI 00768 (54.17.145)', 340000, N'Gọng kính kim loại là sự lựa chọn lý tưởng cho những ai yêu thích phong cách thời trang hiện đại với vẻ ngoài sang trọng và đẳng cấp.   Chất liệu kim loại bền bỉ và chắc chắn, giúp tăng độ bền của sản phẩm. Gọng kính có thiết kế khung viền mỏng nhẹ, giúp mang lại sự thoải mái khi sử dụng trong thời gian dài.', N'\Assets\images\images_Product\gk23245539455.jpeg', 5, 10, 1)
INSERT [dbo].[Product] ([IdProduct], [IdTypeProduct], [NameProduct], [Price], [Description], [Image], [Discount], [Quantity], [IdTypeSale]) VALUES (30, 2, N'GK. GỌNG CỐT KIM LOẠI 560 (54.17.145)', 540000, N'Gọng kính cốt kim loại cao cấp là sự kết hợp hoàn hảo giữa kiểu dáng hiện đại và chất liệu đẳng cấp. Với chất liệu kim loại bền bỉ và nhẹ nhàng, sản phẩm sẽ giúp bạn tự tin diện trong mọi hoàn cảnh. Bền vững: Với chất liệu kim loại cao cấp, sản phẩm luôn đảm bảo tính bền vững, không gãy vỡ hay trầy xước dễ dàng. Nhẹ nhàng: Thiết kế gọn nhẹ của sản phẩm giúp bạn không có cảm giác khó chịu khi mang lâu.', N'\Assets\images\images_Product\gk24245621933.jpeg', 15, 20, 1)
SET IDENTITY_INSERT [dbo].[Product] OFF
GO
